PDB,residue,ss_array,HA,CB,CA,HN,N,before_HA,after_HA,before_CA,after_CA,before_HN,after_HN,no_disulfides,x1,x1_array,x3_array,x3
2n8e,8,"0.0,0.0,1",0.013999999999999999,6.212999999999999,-2.376,-0.121,0.5579999999999999,0.45399999999999996,0.45399999999999996,0.242,0.242,0.141,0.141,3,-60,"0.0,1,0.0","1,0.0",90.0
2n8e,15,"0.0,0.0,1",0.28600000000000003,-4.111000000000001,0.085,0.406,1.274,0.107,0.107,0.0,0.0,0.038,0.038,3,-60,"0.0,1,0.0","0.0,1",-90.0
2n8e,16,"0.0,0.0,1",-0.226,-1.8880000000000001,1.469,1.676,0.0,0.28600000000000003,0.28600000000000003,0.085,0.085,0.406,0.406,3,-60,"0.0,1,0.0","1,0.0",90.0
2n8e,20,"0.0,1,0.0",0.444,0.94,-1.726,0.133,9.125,0.215,0.215,-0.31,-0.31,-0.317,-0.317,3,-60,"0.0,1,0.0","0.0,1",-90.0
2n8e,26,"0.0,1,0.0",0.561,-3.205,-2.083,0.32,2.988,0.6890000000000001,0.6890000000000001,-2.03,-2.03,-0.42700000000000005,-0.42700000000000005,3,-60,"0.0,1,0.0","0.0,1",-90.0
