PDB,cys1_residue_number,cys2_residue_number,cys1_Ha,cys2_Ha,cys1_N,cys2_N,cys1_Hn,cys2_Hn,cys1_before Hn,cys2_before Hn,cys1_after Hn,cys2_after Hn,cys1_before Ca,cys2_before Ca,cys1_after Ca,cys2_after Ca,cys1_before Ha,cys2_before Ha,cys1_after Ha,cys2_after Ha,cys_diff,no_disulfides,cys1_ss_array0,cys1_ss_array1,cys1_ss_array2,cys2_ss_array0,cys2_ss_array1,cys2_ss_array2,cys1_x1_array0,cys1_x1_array1,cys1_x1_array2,cys2_x1_array0,cys2_x1_array1,cys2_x1_array2,cys1_x3_array0,cys1_x3_array1,cys2_x3_array0,cys2_x3_array1
2n8e,26,20,0.561,0.444,2.988,9.125,0.32,0.133,-0.4270000000000001,-0.317,-0.4270000000000001,-0.317,-2.03,-0.31,-2.03,-0.31,0.6890000000000001,0.215,0.6890000000000001,0.215,6,3,0.0,1,0.0,0.0,1,0.0,0.0,1,0.0,0.0,1,0.0,0.0,1,0.0,1
2n8e,26,15,0.561,0.28600000000000003,2.988,1.274,0.32,0.406,-0.4270000000000001,0.038,-0.4270000000000001,0.038,-2.03,0.0,-2.03,0.0,0.6890000000000001,0.107,0.6890000000000001,0.107,11,3,0.0,1,0.0,0.0,0.0,1,0.0,1,0.0,0.0,1,0.0,0.0,1,0.0,1
2n8e,20,15,0.444,0.28600000000000003,9.125,1.274,0.133,0.406,-0.317,0.038,-0.317,0.038,-0.31,0.0,-0.31,0.0,0.215,0.107,0.215,0.107,5,3,0.0,1,0.0,0.0,0.0,1,0.0,1,0.0,0.0,1,0.0,0.0,1,0.0,1
2n8e,16,8,-0.226,0.014,0.0,0.5579999999999999,1.676,-0.121,0.406,0.141,0.406,0.141,0.085,0.242,0.085,0.242,0.28600000000000003,0.454,0.28600000000000003,0.454,8,3,0.0,0.0,1,0.0,0.0,1,0.0,1,0.0,0.0,1,0.0,1,0.0,1,0.0
