PDB,cys1,cys2,prediction0,probability0,prediction1,probability1,prediction2,probability2,prediction3,probability3,prediction4,probability4,prediction5,probability5,prediction6,probability6,prediction7,probability7,prediction8,probability8,prediction
2n8e,26,16,0.0,0.6639335751533508,1.0,0.9203068017959595,0.0,0.8988474607467651,0.0,0.6155432462692261,1.0,0.5747363567352295,1.0,0.9336758255958557,0.0,0.5562748312950134,0.0,0.5075071454048157,1.0,0.8236256241798401,0.0
2n8e,26,15,0.0,0.7617998719215393,1.0,0.5640090703964233,1.0,0.7373159527778625,1.0,0.6235912442207336,1.0,0.7041559815406799,0.0,0.7321596741676331,0.0,0.5263445973396301,1.0,0.6628243923187256,0.0,0.5320982933044434,1.0
2n8e,20,8,1.0,0.9059773683547974,1.0,0.8680590987205505,1.0,0.7264373302459717,1.0,0.7037500739097595,1.0,0.7639636993408203,1.0,0.9853519797325134,1.0,0.9703478217124939,1.0,0.6322459578514099,1.0,0.7073330879211426,1.0
2n8e,16,15,0.0,0.7499628663063049,0.0,0.7632143497467041,0.0,0.634207546710968,0.0,0.9078903794288635,0.0,0.5264142751693726,1.0,0.6716316938400269,0.0,0.9896901249885559,0.0,0.6619060635566711,0.0,0.7992053627967834,0.0
