PDB,cys1,cys2,prediction0,probability0,prediction1,probability1,prediction2,probability2,prediction3,probability3,prediction4,probability4,prediction5,probability5,prediction6,probability6,prediction7,probability7,prediction8,probability8,prediction
2n8e,26,20,0.0,0.5467528104782104,0.0,0.981996476650238,0.0,0.7839069962501526,0.0,0.9180013537406921,0.0,0.8899922966957092,0.0,0.8584320545196533,0.0,0.9796798229217529,1.0,0.5046948194503784,0.0,0.6200049519538879,0.0
2n8e,26,15,1.0,0.558774471282959,0.0,0.8910322785377502,0.0,0.8338674902915955,0.0,0.785279393196106,0.0,0.7569538354873657,0.0,0.729089081287384,0.0,0.799237847328186,0.0,0.5880725979804993,1.0,0.7966427803039551,0.0
2n8e,20,15,0.0,0.5355758666992188,0.0,0.8263887763023376,0.0,0.8361232876777649,0.0,0.6495916247367859,1.0,0.5321255326271057,0.0,0.7167211174964905,0.0,0.5833219885826111,1.0,0.5807755589485168,1.0,0.6538270115852356,0.0
2n8e,16,8,1.0,0.7843487858772278,0.0,0.7352169752120972,1.0,0.6679976582527161,1.0,0.5121179819107056,0.0,0.6479910016059875,0.0,0.5977306962013245,0.0,0.9600051641464233,0.0,0.9775485396385193,0.0,0.8031786680221558,0.0
