PDB,cys1,cys2,prediction0,probability0,prediction1,probability1,prediction2,probability2,prediction3,probability3,prediction4,probability4,prediction5,probability5,prediction6,probability6,prediction7,probability7,prediction8,probability8,prediction
2n8e,26,16,0.0,0.663933396339,1.0,0.920306801796,0.0,0.898847460747,0.0,0.615543246269,1.0,0.574736356735,1.0,0.933675765991,0.0,0.5562748909,0.0,0.507507205009,1.0,0.82362562418,0.0
2n8e,26,15,0.0,0.761799871922,1.0,0.564009130001,1.0,0.737316131592,1.0,0.623591303825,1.0,0.704156041145,0.0,0.732159554958,0.0,0.52634459734,1.0,0.662824451923,0.0,0.532098352909,1.0
2n8e,20,8,1.0,0.905977368355,1.0,0.868059098721,1.0,0.726437091827,1.0,0.703750431538,1.0,0.763963639736,1.0,0.985351979733,1.0,0.970347881317,1.0,0.632245898247,1.0,0.707333028316,1.0
2n8e,16,15,0.0,0.749962747097,0.0,0.763214290142,0.0,0.634207427502,0.0,0.90789026022,0.0,0.526414394379,1.0,0.671631813049,0.0,0.989690124989,0.0,0.661905944347,0.0,0.799205362797,0.0
